section,News_title
us,Deadly Landslide Hits Alaska Community
us,Footage Shows Car in Midair Before Rainbow Bridge Explosion
us,"A Biden Thanksgiving: Sweeping Views of Nantucket Harbor, Calls About Israel"
us,Senate Candidate in Michigan Says He Was Offered $20 Million to Challenge Tlaib
us,DeSantis Super PAC C.E.O. Resigns
us,Terrible Choices and Deep Distrust: The Path to the Hostage Deal
us,U.S. Presses Israel to Set Up Safe Areas During Coming Pause in Gaza War
us,"Plying Voters With Free Food, Ramaswamy Struggles to Win Them Over"
us,Police Investigate Vehicle Explosion in Niagara Falls
us,Three Killed After Landslide Strikes Alaska Town
us,Deadly Landslide Hits Alaska Community
us,Footage Shows Car in Midair Before Rainbow Bridge Explosion
us,"A Biden Thanksgiving: Sweeping Views of Nantucket Harbor, Calls About Israel"
us,Senate Candidate in Michigan Says He Was Offered $20 Million to Challenge Tlaib
us,DeSantis Super PAC C.E.O. Resigns
us,Terrible Choices and Deep Distrust: The Path to the Hostage Deal
us,U.S. Presses Israel to Set Up Safe Areas During Coming Pause in Gaza War
us,"Plying Voters With Free Food, Ramaswamy Struggles to Win Them Over"
us,Police Investigate Vehicle Explosion in Niagara Falls
us,Three Killed After Landslide Strikes Alaska Town
us,"Johnson Learns on the Job, Drawing the Ire of the Republican Right"
us,The de Young Open Dazzles
us,"After Rain and Snow in the Eastern U.S., Weather Clears for Thanksgiving"
us,"For Election Workers, Fentanyl-Laced Letters Signal a Challenging Year"
us,Colorado Supreme Court Agrees to Take Up Trump’s 14th Amendment Case
us,Political Pressures on Biden Helped Drive ‘Secret Cell’ of Aides in Hostage Talks
us,Latino Business Advocate Stung by Misconduct Claims Resurfaces With ‘No Labels’
us,Justice Department Announces Binance’s Guilty Plea
us,What to Know About the Mysterious Respiratory Illness Affecting Dogs
us,Federal Judge Rules Undated Mail-In Ballots in Pennsylvania Must Be Counted
us,Deadly Landslide Hits Alaska Community
us,Footage Shows Car in Midair Before Rainbow Bridge Explosion
us,"A Biden Thanksgiving: Sweeping Views of Nantucket Harbor, Calls About Israel"
us,Senate Candidate in Michigan Says He Was Offered $20 Million to Challenge Tlaib
us,DeSantis Super PAC C.E.O. Resigns
us,Terrible Choices and Deep Distrust: The Path to the Hostage Deal
us,U.S. Presses Israel to Set Up Safe Areas During Coming Pause in Gaza War
us,"Plying Voters With Free Food, Ramaswamy Struggles to Win Them Over"
us,Police Investigate Vehicle Explosion in Niagara Falls
us,Three Killed After Landslide Strikes Alaska Town
us,"Johnson Learns on the Job, Drawing the Ire of the Republican Right"
us,The de Young Open Dazzles
us,"After Rain and Snow in the Eastern U.S., Weather Clears for Thanksgiving"
us,"For Election Workers, Fentanyl-Laced Letters Signal a Challenging Year"
us,Colorado Supreme Court Agrees to Take Up Trump’s 14th Amendment Case
us,Political Pressures on Biden Helped Drive ‘Secret Cell’ of Aides in Hostage Talks
us,Latino Business Advocate Stung by Misconduct Claims Resurfaces With ‘No Labels’
us,Justice Department Announces Binance’s Guilty Plea
us,What to Know About the Mysterious Respiratory Illness Affecting Dogs
us,Federal Judge Rules Undated Mail-In Ballots in Pennsylvania Must Be Counted
us,"Carlton Pearson, Pastor Deemed a Heretic for Denying Hell, Dies at 70"
us,"How the Voting Rights Act, Newly Challenged, Has Long Been Under Attack"
us,DeSantis Picks Up Key Endorsement From Iowa Religious Leader
us,Republican Presidential Candidates on Matters of Democracy
us,"High Winds Rattle Great Smoky Mountains National Park, Leading to Closures"
us,Georgia Judge Modifies a Trump Co-Defendant’s Bail Conditions
us,Johnson Pays Trump Visit as He Faces Mounting Criticism from the Right
us,Ignore Trump? Democrats Now Want Him Plastered All Over the News.
us,How Californians Celebrate Thanksgiving
us,Animals Meant for Adoption May Have Been Turned Into Reptile Food
world,"Israel-Hamas Cease-Fire May Start Friday, Followed by Hostage and Prisoner Release"
world,Canadian Official Found Guilty of Providing Secrets to Criminals
world,Far-Right Icon Predicted to Win Dutch Elections
world,Student’s Killing Pushes Italy to Confront Violence Against Women
world,Deal to Free Child Hostages in Gaza Inspires Hope and Anguish
world,Thursday Briefing: Waiting for a Cease-Fire in Gaza
world,Terrible Choices and Deep Distrust: The Path to the Hostage Deal
world,U.S. Presses Israel to Set Up Safe Areas During Coming Pause in Gaza War
world,"Joan Jara, Who Found Justice for Husband Slain After Coup, Dies at 96"
world,1973: Israel Accepts Egypt’s Request on Small Issue
world,"Israel-Hamas Cease-Fire May Start Friday, Followed by Hostage and Prisoner Release"
world,Canadian Official Found Guilty of Providing Secrets to Criminals
world,Far-Right Icon Predicted to Win Dutch Elections
world,Student’s Killing Pushes Italy to Confront Violence Against Women
world,Deal to Free Child Hostages in Gaza Inspires Hope and Anguish
world,Thursday Briefing: Waiting for a Cease-Fire in Gaza
world,Terrible Choices and Deep Distrust: The Path to the Hostage Deal
world,U.S. Presses Israel to Set Up Safe Areas During Coming Pause in Gaza War
world,"Joan Jara, Who Found Justice for Husband Slain After Coup, Dies at 96"
world,1973: Israel Accepts Egypt’s Request on Small Issue
world,Giving Thanks When the World Is on Fire
world,"In Gaza, Deal for Temporary Cease-Fire Brings ‘Little Bit of Relief’"
world,"In Israel, Families of Hostages Wait Anxiously for News"
world,Wednesday Briefing
world,Israel and Hamas Agree to Cease-Fire in Exchange for Hostage Release
world,"As Israel and Hamas Move Toward Hostages’ Release, Families Wait With Hope and Fear"
world,Netanyahu Speaks to His Nation on the Proposed Hostage Deal
world,Peter Tarnoff Dies at 86; Diplomat Helped Plot ‘Argo’ Escape From Iran
world,Israeli Teen Hopes Her Cousins Will Be Released Soon by Hamas
world,U.S. Strikes Iranian-Linked Facilities in Iraq
world,"Israel-Hamas Cease-Fire May Start Friday, Followed by Hostage and Prisoner Release"
world,Canadian Official Found Guilty of Providing Secrets to Criminals
world,Far-Right Icon Predicted to Win Dutch Elections
world,Student’s Killing Pushes Italy to Confront Violence Against Women
world,Deal to Free Child Hostages in Gaza Inspires Hope and Anguish
world,Thursday Briefing: Waiting for a Cease-Fire in Gaza
world,Terrible Choices and Deep Distrust: The Path to the Hostage Deal
world,U.S. Presses Israel to Set Up Safe Areas During Coming Pause in Gaza War
world,"Joan Jara, Who Found Justice for Husband Slain After Coup, Dies at 96"
world,1973: Israel Accepts Egypt’s Request on Small Issue
world,Giving Thanks When the World Is on Fire
world,"In Gaza, Deal for Temporary Cease-Fire Brings ‘Little Bit of Relief’"
world,"In Israel, Families of Hostages Wait Anxiously for News"
world,Wednesday Briefing
world,Israel and Hamas Agree to Cease-Fire in Exchange for Hostage Release
world,"As Israel and Hamas Move Toward Hostages’ Release, Families Wait With Hope and Fear"
world,Netanyahu Speaks to His Nation on the Proposed Hostage Deal
world,Peter Tarnoff Dies at 86; Diplomat Helped Plot ‘Argo’ Escape From Iran
world,Israeli Teen Hopes Her Cousins Will Be Released Soon by Hamas
world,U.S. Strikes Iranian-Linked Facilities in Iraq
world,Wednesday Briefing: A Gaza Hostage Deal Appears Close
world,Germany Freezes Government Spending as Budget Crisis Deepens
world,"At BRICS Summit, Countries Diverge Slightly on Israel and War in Gaza"
world,Satellite Imagery Shows Ship Hijacked by Houthis Near Yemen Port
world,Who Are the Palestinian Prisoners Who Could Be Released in a Hostage Deal?
world,Ukraine Remembers Popular Uprising That Foreshadowed War
world,Noted Palestinian Poet Released by Israel After Two-Day Detention
world,Pan-Arab News Network Says Israeli Strike Killed Two of Its Journalists
world,"From Land Mines to Drones, Tech Has Driven Fears About Autonomous Arms"
business,"Overlooked No More: Elena Zelayeta, Emissary for Mexican Cooking"
business,The Fallout From Sam Altman’s Return to OpenAI
business,A Guide to Long-Term Care Insurance
business,"Retailers Need You to Buy That Diamond Ring. No, Seriously."
business,Why Long-Term Care Insurance Falls Short for So Many
business,Latino Business Advocate Stung by Misconduct Claims Resurfaces With ‘No Labels’
business,"Nvidia Triples Quarterly Revenue, but Sales in China Are a Concern"
business,Susan Sarandon Dropped by Talent Agency After Remarks on Gaza War
business,"Ford Resumes Work on E.V. Battery Plant in Michigan, at Reduced Scale"
business,Jeff Zucker Nears Major Deal to Re-enter the News Business
business,"Overlooked No More: Elena Zelayeta, Emissary for Mexican Cooking"
business,The Fallout From Sam Altman’s Return to OpenAI
business,A Guide to Long-Term Care Insurance
business,"Retailers Need You to Buy That Diamond Ring. No, Seriously."
business,Why Long-Term Care Insurance Falls Short for So Many
business,Latino Business Advocate Stung by Misconduct Claims Resurfaces With ‘No Labels’
business,"Nvidia Triples Quarterly Revenue, but Sales in China Are a Concern"
business,Susan Sarandon Dropped by Talent Agency After Remarks on Gaza War
business,"Ford Resumes Work on E.V. Battery Plant in Michigan, at Reduced Scale"
business,Jeff Zucker Nears Major Deal to Re-enter the News Business
business,Music Licensing Giant BMI Sells to Private Equity Firm
business,Fed Officials Thought Rates Could Rise More if Inflation Stayed Stubborn
business,Binance Founder Pleads Guilty to Violating Money Laundering Rules
business,"Users of Venmo, Cash App and Other Digital Wallets Get a Tax Reprieve"
business,Palantir Wins Major U.K. Health Contract Despite Criticism
business,Does A.I. Have an Inherent Governance Problem?
business,Is This the World’s Highest-Grossing Photograph?
business,The Long Shadow of Steve Jobs Looms Over the Turmoil at OpenAI
business,David Letterman Ends Conspicuous Absence From ‘The Late Show’
business,"OpenAI Staff Threatens Exodus, Jeopardizing Company’s Future"
business,"Overlooked No More: Elena Zelayeta, Emissary for Mexican Cooking"
business,The Fallout From Sam Altman’s Return to OpenAI
business,A Guide to Long-Term Care Insurance
business,"Retailers Need You to Buy That Diamond Ring. No, Seriously."
business,Why Long-Term Care Insurance Falls Short for So Many
business,Latino Business Advocate Stung by Misconduct Claims Resurfaces With ‘No Labels’
business,"Nvidia Triples Quarterly Revenue, but Sales in China Are a Concern"
business,Susan Sarandon Dropped by Talent Agency After Remarks on Gaza War
business,"Ford Resumes Work on E.V. Battery Plant in Michigan, at Reduced Scale"
business,Jeff Zucker Nears Major Deal to Re-enter the News Business
business,Music Licensing Giant BMI Sells to Private Equity Firm
business,Fed Officials Thought Rates Could Rise More if Inflation Stayed Stubborn
business,Binance Founder Pleads Guilty to Violating Money Laundering Rules
business,"Users of Venmo, Cash App and Other Digital Wallets Get a Tax Reprieve"
business,Palantir Wins Major U.K. Health Contract Despite Criticism
business,Does A.I. Have an Inherent Governance Problem?
business,Is This the World’s Highest-Grossing Photograph?
business,The Long Shadow of Steve Jobs Looms Over the Turmoil at OpenAI
business,David Letterman Ends Conspicuous Absence From ‘The Late Show’
business,"OpenAI Staff Threatens Exodus, Jeopardizing Company’s Future"
business,"Who Is Emmett Shear, OpenAI’s Interim Chief Executive?"
business,The Great Disconnect: Why Voters Feel One Way About the Economy but Act Differently
business,Stray Kids Score Another No. 1 With ‘Rock-Star’
business,Why We’re Still Breathing Dirty Indoor Air
business,The Winners and Losers of OpenAI’s Wild Weekend
business,Microsoft’s Stock Hits Record High After Hiring OpenAI Outcasts
business,The Shake-up at OpenAI Reshapes the Industry’s Global Order
business,Soon You May Know Exactly Where Your Diamond Was Mined
business,Army Ammunition Factory Tied to Mass Shootings Faces New Scrutiny
business,Black Friday Travel Sales Are Here and Deals Abound
arts,"Joss Ackland, Busy, Versatile Actor on Stage and Screen, Dies at 95"
arts,"Bob Contant, Dedicated Bohemian Bookseller, Dies at 80"
arts,"‘Napoleon’ Review: A Lumpy, Grumpy Little Man"
arts,What’s in Our Queue? ‘Circus’ and More
arts,Theater to See in N.Y.C. This Holiday Season
arts,"Popcast (Deluxe): Mailbag! The Beatles, Taylor Swift and More"
arts,Napoleon Didn’t Really Shoot Cannons at Egypt’s Pyramids
arts,Remembering ‘The Exorcist’ at 50
arts,A Spectacular Marble Cube Rises at Ground Zero
arts,"Review: In ‘The Witches’ Musical, the Playful and the Macabre"
arts,"Joss Ackland, Busy, Versatile Actor on Stage and Screen, Dies at 95"
arts,"Bob Contant, Dedicated Bohemian Bookseller, Dies at 80"
arts,"‘Napoleon’ Review: A Lumpy, Grumpy Little Man"
arts,What’s in Our Queue? ‘Circus’ and More
arts,Theater to See in N.Y.C. This Holiday Season
arts,"Popcast (Deluxe): Mailbag! The Beatles, Taylor Swift and More"
arts,Napoleon Didn’t Really Shoot Cannons at Egypt’s Pyramids
arts,Remembering ‘The Exorcist’ at 50
arts,A Spectacular Marble Cube Rises at Ground Zero
arts,"Review: In ‘The Witches’ Musical, the Playful and the Macabre"
arts,"‘Monster’ Review: Three Perspectives, One Truth"
arts,"‘Cypher’ Review: A Music Documentary With a Twist (Many, Actually)"
arts,‘Maestro’ | Anatomy of a Scene
arts,"‘Fargo’ Season 5, Episode 2 Recap: Sowing Disharmony"
arts,"Two Boys on Bikes, Falling in Love"
arts,Jimmy Fallon Weighs in on Trump’s Health Report
arts,"‘Fargo’ Season 5, Episode 1 Recap: Back to the Basics"
arts,Full Exposure? Four Solo Shows Ponder the Art of True Nature.
arts,Music Licensing Giant BMI Sells to Private Equity Firm
arts,Set the Table With This Thanksgiving Playlist
arts,"Joss Ackland, Busy, Versatile Actor on Stage and Screen, Dies at 95"
arts,"Bob Contant, Dedicated Bohemian Bookseller, Dies at 80"
arts,"‘Napoleon’ Review: A Lumpy, Grumpy Little Man"
arts,What’s in Our Queue? ‘Circus’ and More
arts,Theater to See in N.Y.C. This Holiday Season
arts,"Popcast (Deluxe): Mailbag! The Beatles, Taylor Swift and More"
arts,Napoleon Didn’t Really Shoot Cannons at Egypt’s Pyramids
arts,Remembering ‘The Exorcist’ at 50
arts,A Spectacular Marble Cube Rises at Ground Zero
arts,"Review: In ‘The Witches’ Musical, the Playful and the Macabre"
arts,"‘Monster’ Review: Three Perspectives, One Truth"
arts,"‘Cypher’ Review: A Music Documentary With a Twist (Many, Actually)"
arts,‘Maestro’ | Anatomy of a Scene
arts,"‘Fargo’ Season 5, Episode 2 Recap: Sowing Disharmony"
arts,"Two Boys on Bikes, Falling in Love"
arts,Jimmy Fallon Weighs in on Trump’s Health Report
arts,"‘Fargo’ Season 5, Episode 1 Recap: Back to the Basics"
arts,Full Exposure? Four Solo Shows Ponder the Art of True Nature.
arts,Music Licensing Giant BMI Sells to Private Equity Firm
arts,Set the Table With This Thanksgiving Playlist
arts,‘Leo’ Review: A Cold-Blooded Creature With a Heart of Gold
arts,"A Rare Appearance for ‘Six Persimmons,’ a 13th-Century Masterpiece"
arts,‘Wish’ Review: The Sorcerer’s Disgruntled Apprentice
arts,‘Genie’ Review: Wishing for a Better Movie
arts,BBC Announces It Will Pause Popular Car Show ‘Top Gear’
arts,100 Notable Books of 2023
arts,What Is Photography? (No Need to Answer That.)
arts,Your Next 10 Steps After Watching the New ‘Napoleon’ Film
arts,Minnesota Nice: The History of ‘Fargo’
arts,Is This the World’s Highest-Grossing Photograph?
lifestyle,"Overlooked No More: Elena Zelayeta, Emissary for Mexican Cooking"
lifestyle,You Won’t Just Love These Cold Noodles. You’ll Need Them.
lifestyle,Tasty Treats to Keep Your Guests Happy (and Out of the Kitchen)
lifestyle,A Guide to Long-Term Care Insurance
lifestyle,The Quiet Thrill of Keeping a Secret
lifestyle,"In Rio de Janeiro, Architecture That’s in Sync With the Jungle"
lifestyle,The Season’s Best Platform Boots for Men
lifestyle,"Two Boys on Bikes, Falling in Love"
lifestyle,"No Thanks, Grandma, I’m Saving Room for Airplane Food"
lifestyle,Why Long-Term Care Insurance Falls Short for So Many
lifestyle,"Overlooked No More: Elena Zelayeta, Emissary for Mexican Cooking"
lifestyle,You Won’t Just Love These Cold Noodles. You’ll Need Them.
lifestyle,Tasty Treats to Keep Your Guests Happy (and Out of the Kitchen)
lifestyle,A Guide to Long-Term Care Insurance
lifestyle,The Quiet Thrill of Keeping a Secret
lifestyle,"In Rio de Janeiro, Architecture That’s in Sync With the Jungle"
lifestyle,The Season’s Best Platform Boots for Men
lifestyle,"Two Boys on Bikes, Falling in Love"
lifestyle,"No Thanks, Grandma, I’m Saving Room for Airplane Food"
lifestyle,Why Long-Term Care Insurance Falls Short for So Many
lifestyle,How Viral Infections Cause Long-Term Health Problems
lifestyle,Let Your Maps App Guide You Home for the Holidays
lifestyle,¿La radiación de los celulares es peligrosa?
lifestyle,I Never Said Thanks for the Meal. Sister Agnes Taught Me How.
lifestyle,Restaurant Review: A Fresh Look at Thai Food at Bangkok Supper Club
lifestyle,Figure Eight Takes a Southern Approach to Chinese Cuisine
lifestyle,The Luncheonette Serving New York’s Best Egg Creams
lifestyle,This Creamy Baked Mac and Cheese Is a Thanksgiving Must Have
lifestyle,The Rules for Thanksgiving Wine
lifestyle,Five (Thanksgiving) Weeknight Dishes
lifestyle,"Overlooked No More: Elena Zelayeta, Emissary for Mexican Cooking"
lifestyle,You Won’t Just Love These Cold Noodles. You’ll Need Them.
lifestyle,Tasty Treats to Keep Your Guests Happy (and Out of the Kitchen)
lifestyle,A Guide to Long-Term Care Insurance
lifestyle,The Quiet Thrill of Keeping a Secret
lifestyle,"In Rio de Janeiro, Architecture That’s in Sync With the Jungle"
lifestyle,The Season’s Best Platform Boots for Men
lifestyle,"Two Boys on Bikes, Falling in Love"
lifestyle,"No Thanks, Grandma, I’m Saving Room for Airplane Food"
lifestyle,Why Long-Term Care Insurance Falls Short for So Many
lifestyle,How Viral Infections Cause Long-Term Health Problems
lifestyle,Let Your Maps App Guide You Home for the Holidays
lifestyle,¿La radiación de los celulares es peligrosa?
lifestyle,I Never Said Thanks for the Meal. Sister Agnes Taught Me How.
lifestyle,Restaurant Review: A Fresh Look at Thai Food at Bangkok Supper Club
lifestyle,Figure Eight Takes a Southern Approach to Chinese Cuisine
lifestyle,The Luncheonette Serving New York’s Best Egg Creams
lifestyle,This Creamy Baked Mac and Cheese Is a Thanksgiving Must Have
lifestyle,The Rules for Thanksgiving Wine
lifestyle,Five (Thanksgiving) Weeknight Dishes
lifestyle,"For Fall, Jackets and Knits With a Modern Edge"
lifestyle,"Jewels That Are Spiky, Squiggly and a Little Bit Wild"
lifestyle,The Wild Beauty of Moss
lifestyle,How Menopause Changes the Brain
lifestyle,Keep Thanksgiving Going With This Leftover Turkey Soup
lifestyle,Six Hours to Cook and $100 to Shop: Watch 3 NYT Food Writers Make Thanksgiving
lifestyle,How to Clean Up After Thanksgiving Dinner Like a Pro
lifestyle,Turn Your Thanksgiving Leftovers Into a Hot Pocket
lifestyle,How to Apply Lipstick the Right Way
lifestyle,Mark Kurlansky Peels Back History’s Layers in ‘The Core of an Onion’
opinion,Here’s How Houston Is Fighting Homelessness — and Winning
opinion,Has the Age of Mass Protest Actually Achieved Anything?
opinion,The Unsettling Lesson of the OpenAI Mess
opinion,The Roots of Trump’s Rage
opinion,Bernie Sanders: Justice for the Palestinians and Security for Israel
opinion,The Clearest Lesson of Javier Milei’s Thumping Victory
opinion,The Public Health Crisis in Gaza That Could Devastate a Generation
opinion,"Rebuilding Myself After Brain Injury, Sentence by Sentence"
opinion,Will Israelis and Palestinians See Peace in Thomas Friedman’s Lifetime?
opinion,This Quiet Blockbuster at the Supreme Court Could Affect All Americans
opinion,Here’s How Houston Is Fighting Homelessness — and Winning
opinion,Has the Age of Mass Protest Actually Achieved Anything?
opinion,The Unsettling Lesson of the OpenAI Mess
opinion,The Roots of Trump’s Rage
opinion,Bernie Sanders: Justice for the Palestinians and Security for Israel
opinion,The Clearest Lesson of Javier Milei’s Thumping Victory
opinion,The Public Health Crisis in Gaza That Could Devastate a Generation
opinion,"Rebuilding Myself After Brain Injury, Sentence by Sentence"
opinion,Will Israelis and Palestinians See Peace in Thomas Friedman’s Lifetime?
opinion,This Quiet Blockbuster at the Supreme Court Could Affect All Americans
opinion,The Rescuers
opinion,My Brother’s Thanksgiving Lament
opinion,The OpenAI Coup Is Great for Microsoft. What Does It Mean for Us?
opinion,The ‘Cease-Fire Now’ Imposture
opinion,Early College Is the Equalizer We Need
opinion,‘The Ezra Klein Show’ Book Recommendations (2022)
opinion,‘The Ezra Klein Show’ Book Recommendations (2021)
opinion,Inclusion and Exclusion on Campus
opinion,The Senate Is Getting Less Democratic by the Minute
opinion,"Before Hillary Clinton, There Was Rosalynn Carter"
opinion,Here’s How Houston Is Fighting Homelessness — and Winning
opinion,Has the Age of Mass Protest Actually Achieved Anything?
opinion,The Unsettling Lesson of the OpenAI Mess
opinion,The Roots of Trump’s Rage
opinion,Bernie Sanders: Justice for the Palestinians and Security for Israel
opinion,The Clearest Lesson of Javier Milei’s Thumping Victory
opinion,The Public Health Crisis in Gaza That Could Devastate a Generation
opinion,"Rebuilding Myself After Brain Injury, Sentence by Sentence"
opinion,Will Israelis and Palestinians See Peace in Thomas Friedman’s Lifetime?
opinion,This Quiet Blockbuster at the Supreme Court Could Affect All Americans
opinion,The Rescuers
opinion,My Brother’s Thanksgiving Lament
opinion,The OpenAI Coup Is Great for Microsoft. What Does It Mean for Us?
opinion,The ‘Cease-Fire Now’ Imposture
opinion,Early College Is the Equalizer We Need
opinion,‘The Ezra Klein Show’ Book Recommendations (2022)
opinion,‘The Ezra Klein Show’ Book Recommendations (2021)
opinion,Inclusion and Exclusion on Campus
opinion,The Senate Is Getting Less Democratic by the Minute
opinion,"Before Hillary Clinton, There Was Rosalynn Carter"
opinion,The Best Primer I’ve Heard on Israeli-Palestinian Peace Efforts
opinion,"Your Rewards Card Is Actually Bad for You, and for Everyone Else"
opinion,Speak Up at Thanksgiving. Your Health Demands It.
opinion,The Trump Threat Is Growing. Lawyers Must Rise to Meet This Moment.
opinion,"Your Rewards Card Is Actually Bad for You, and for Everyone Else"
opinion,Is Ireland Headed for a Merger?
opinion,Dwayne ‘The Rock’ Johnson? Ocasio-Cortez? Mark Cuban? 12 Democrats on the Leaders We Need.
opinion,Why on Earth Are Jewish Leaders Praising Elon Musk?
opinion,What Happens When a Founder Leaves?
opinion,Is Biden vs. Trump the ‘Election We Need’?
podcasts,The Possum Experiment
podcasts,"No Coincidence, No Story!"
podcasts,My Bad
podcasts,Math vs. Magic
podcasts,Transcript: Ezra Klein Interviews Aaron David Miller
podcasts,"A Crisis at Gaza’s Hospitals, and More"
podcasts,"You, Too, Can Deep-Fry Your Turkey"
podcasts,‘I Think We’re Heading Toward the Best World Ever’: An Interview With Sam Altman
podcasts,"Microsoft Hires OpenAI’s Ousted C.E.O., and More"
podcasts,How I Learned to Shave
podcasts,The Possum Experiment
podcasts,"No Coincidence, No Story!"
podcasts,My Bad
podcasts,Math vs. Magic
podcasts,Transcript: Ezra Klein Interviews Aaron David Miller
podcasts,"A Crisis at Gaza’s Hospitals, and More"
podcasts,"You, Too, Can Deep-Fry Your Turkey"
podcasts,‘I Think We’re Heading Toward the Best World Ever’: An Interview With Sam Altman
podcasts,"Microsoft Hires OpenAI’s Ousted C.E.O., and More"
podcasts,How I Learned to Shave
podcasts,Transcript: Ezra Klein Interviews Sharon Brous
podcasts,Our Critic’s Favorite Grammy-Nominated Songs
podcasts,"Israeli Army Escorts Journalists to Gaza Hospital, and More"
podcasts,"Listen: Hamas’s Bloody Philosophy, Questions for Kamala Harris, Barbra Streisand’s Tell-All Memoir"
podcasts,"Israel and Hamas Near a Hostage Deal, and More"
podcasts,A Strategy to Treat Big Tech Like Big Tobacco
podcasts,"Israeli Troops Enter Gaza Hospital, and More"
podcasts,Pomegranate Molasses Is a Star of the Pantry
podcasts,Transcript: Ezra Klein Interviews Michael Podhorzer
podcasts,"Growing Dissent Against Biden’s Israel Policy, and More"
podcasts,The Possum Experiment
podcasts,"No Coincidence, No Story!"
podcasts,My Bad
podcasts,Math vs. Magic
podcasts,Transcript: Ezra Klein Interviews Aaron David Miller
podcasts,"A Crisis at Gaza’s Hospitals, and More"
podcasts,"You, Too, Can Deep-Fry Your Turkey"
podcasts,‘I Think We’re Heading Toward the Best World Ever’: An Interview With Sam Altman
podcasts,"Microsoft Hires OpenAI’s Ousted C.E.O., and More"
podcasts,How I Learned to Shave
podcasts,Transcript: Ezra Klein Interviews Sharon Brous
podcasts,Our Critic’s Favorite Grammy-Nominated Songs
podcasts,"Israeli Army Escorts Journalists to Gaza Hospital, and More"
podcasts,"Listen: Hamas’s Bloody Philosophy, Questions for Kamala Harris, Barbra Streisand’s Tell-All Memoir"
podcasts,"Israel and Hamas Near a Hostage Deal, and More"
podcasts,A Strategy to Treat Big Tech Like Big Tobacco
podcasts,"Israeli Troops Enter Gaza Hospital, and More"
podcasts,Pomegranate Molasses Is a Star of the Pantry
podcasts,Transcript: Ezra Klein Interviews Michael Podhorzer
podcasts,"Growing Dissent Against Biden’s Israel Policy, and More"
podcasts,Hamas’s Bloody Arithmetic
podcasts,The Doctors of Gaza
podcasts,Parents Are People
podcasts,Transcript: Ezra Klein Interviews Yossi Klein Halevi
podcasts,What Adidas Knew About Kanye
podcasts,Your New Music Mixtape
podcasts,"Israel Agrees to Short Pauses in Gaza Fighting, and More"
podcasts,Listen: Final Episode of ‘The Kids of Rutherford County’
podcasts,Barbra Streisand Has Always Called the Shots
podcasts,"The Kids of Rutherford County, Episode 4: Dedicated Public Servants"
